Sequence	Length	Positive_header	Negative_header
AAILRRHIDLLVGSATLCSALY	22	>229880_positive	>229880_negative
AANKQKQELDEISTNIRQAG	20	>327_positive	>327_negative
AAPANDKFTVFEAAF	15	>125644_positive	>125644_negative
AARTTHYGSLPQKSQRSQDENPVVHF	26	>112896_positive	>112896_negative
AARVTQILSSLTITQLLKRLHQWI	24	>229881_positive	>229881_negative
AAVPVLAFDAARLRLLE	17	>429189_positive	>429189_negative
AAVTLLEQPNPSKLA	15	>549912_positive	>549912_negative
AAWGGSGSEAYQGVQQKWDA	20	>511_positive	>511_negative
ADKDVVVLTSSRTGGV	16	>123917_positive	>123917_negative
AEDNQSAVTIHVLQGERKRASDNKSLG	27	>1392596_positive	>1392596_negative
AEEYEKLQNPNQSVV	15	>123918_positive	>123918_negative
AEQFKQKALGLLQTASRQAE	20	>229883_positive	>229883_negative
AFFLDLILLIIALYLQQNWW	20	>1296_positive	>1296_negative
AFTFTKIPAETLHGTVTVEV	20	>741198_positive	>741198_negative
AFVFLQILNNLVTAYMLM	18	>229043_positive	>229043_negative
AGAFHLLMAESLRIHYA	17	>229044_positive	>229044_negative
AGAKKAGAKKAVRKVATPKK	20	>227742_positive	>227742_negative
AGLAYKFVVPGAATPYAGEP	20	>1589_positive	>1589_negative
AHGVTSAPDTRPAPGSTAPPAHGVTSAGLYCTS	33	>2248612_positive	>2248612_negative
AHHPIWARMDA	11	>142108_positive	>142108_negative
AISGSSLAHPQRKIS	15	>132774_positive	>132774_negative
AKEASSYDYILGWEFGGGVPEHKKEEN	27	>2167_positive	>2167_negative
ALFSVLNYERARRPGLLGASVLGLDDIHRA	30	>2189083_positive	>2189083_negative
ALKALNAHWSADAVY	15	>134004_positive	>134004_negative
ALLVLYSFALMLIIIILIIF	20	>2743_positive	>2743_negative
ALTLMYLSGMKIPND	15	>1625352_positive	>1625352_negative
AMKRKVNLKTQQSQHPTDAL	20	>134009_positive	>134009_negative
APGNRGFPGQDGLAGCITRR	20	>538627_positive	>538627_negative
APKSENVVVTVKVMGDNGVLACAIATHAKIRD	32	>164595_positive	>164595_negative
AQGYKVLVLNPSVAATLGFG	20	>229886_positive	>229886_negative
AQPPRDLTEAFLAEMEKAKG	20	>130733_positive	>130733_negative
ASFRLFARTRSMWSF	15	>4406_positive	>4406_negative
ASIDSMIDEIDFYEK	15	>124991_positive	>124991_negative
ASINKFVVLISATLVLSFAI	20	>4487_positive	>4487_negative
ASLKPEFVQIINAKN	15	>550326_positive	>550326_negative
ASNQAAKAISDAGIFMAVAA	20	>4648_positive	>4648_negative
ATDKEGKDVLVCNK	14	>4923_positive	>4923_negative
ATDYENYAIVEGCPA	15	>168225_positive	>168225_negative
ATVTVANGNNRKSFN	15	>540345_positive	>540345_negative
AVFGEIRTTKRFPID	15	>550392_positive	>550392_negative
AVRLSKDIAADLQGE	15	>550423_positive	>550423_negative
AVVESNGTLTLSHFGKC	17	>5596_positive	>5596_negative
AVVFNFLNSMLALMAIFI	18	>914342_positive	>914342_negative
AYCLWMMLLISQAEAALELIT	21	>229887_positive	>229887_negative
AYDEEARRGLERGLNALADA	20	>107759_positive	>107759_negative
AYVLLSEKKISSIQS	15	>114753_positive	>114753_negative
CAELCDPSNKPGHLL	15	>418954_positive	>418954_negative
CGKYLFNWAVRTKLKLTPIA	20	>6308_positive	>6308_negative
CHGSEPCIIHRGKPFQLEAVFEANQNSKTAK	31	>164614_positive	>164614_negative
CHQEEDFRVTCKDIQRIPSL	20	>125372_positive	>125372_negative
CLAVLWVVKSTPAS	14	>130752_positive	>130752_negative
CLEWINKQTSLLRKNI	16	>229098_positive	>229098_negative
CLLCAYSIEFGTNISK	16	>6597_positive	>6597_negative
CLLVLGIWIYLLEMLWRLGA	20	>6611_positive	>6611_negative
CLRCQKPLNPAEKLR	15	>110556_positive	>110556_negative
CPTNLGTTVRASVRI	15	>550462_positive	>550462_negative
CPTPCQLQAEQAFLRTV	17	>144221_positive	>144221_negative
CVLYRYGSFSVTLDI	15	>123990_positive	>123990_negative
CVYCKTVLELTEVPAV	16	>111181_positive	>111181_negative
DAATAQTLQAFLHWAITDGN	20	>7472_positive	>7472_negative
DAEFRHDSGYEVHHQKLVFFAEDVGSNKGAIIGLMVGGVVIA	42	>7493_positive	>7493_negative
DCVMATGLYHCKPLVDILILPGYVQA	26	>113316_positive	>113316_negative
DDLMGSRSNFDSTLI	15	>123994_positive	>123994_negative
DDQPRPRGDNFAVEKPEENI	20	>7860_positive	>7860_negative
DDTKKDMLGKLLSTGLVQ	18	>80942_positive	>80942_negative
DEMLSQGFADQIYEIFRFLPKDIQVALFSA	30	>227750_positive	>227750_negative
DENSKQKKWDPLKKE	15	>174073_positive	>174073_negative
DERGTPEYNIALGQR	15	>8147_positive	>8147_negative
DGVTVAKSIDLKDKYKNIGA	20	>102353_positive	>102353_negative
DIFERIAGEASRLAH	15	>241180_positive	>241180_negative
DKDAFGGVYSGPSLLDVSQTSVTA	24	>125378_positive	>125378_negative
DKKVYRVFESTVTGR	15	>550741_positive	>550741_negative
DLVANQPNLKALREK	15	>168357_positive	>168357_negative
DPSAGKGVTAYIIDTGIDID	20	>9762_positive	>9762_negative
DQHIEKYLKIIQNSLSTEWSPACETD	26	>1596962_positive	>1596962_negative
DQMWKCLIRLKPTLHGPTP	19	>229891_positive	>229891_negative
DQVDVKDCANHEIKKVLVPGCHGSEPCIIHRGK	33	>164636_positive	>164636_negative
DQVHFQPLPPAVVKLSDALI	20	>9924_positive	>9924_negative
DRGEKPASPAVQPDAALQRLAAVL	24	>534686_positive	>534686_negative
DRIEKDRLQGMAPAA	15	>418955_positive	>418955_negative
DRKMYWQFKMDKIQI	15	>550926_positive	>550926_negative
DRTGVRVLTMCPGVT	15	>550941_positive	>550941_negative
DSAFDVLSFTAEEKAGVYK	19	>124031_positive	>124031_negative
DSFIADLVVGLSTGQ	15	>550957_positive	>550957_negative
DTKLRIMKNHQFTNC	15	>551003_positive	>551003_negative
DTPYLDITYHFVMQRLPL	18	>10458_positive	>10458_negative
DVDTLGNLDPAGEYI	15	>551042_positive	>551042_negative
DVLGYYKILSEKYKSDLD	18	>81330_positive	>81330_negative
DVLQWQTIPYTTIHN	15	>551075_positive	>551075_negative
DYSNTHSTRYV	11	>10961_positive	>10961_negative
DYTGKIMWTPPAIFKS	16	>119562_positive	>119562_negative
EANQNSKTAKIEIKASIEGLEVDVPGIDPNAC	32	>164643_positive	>164643_negative
EASEAYLVGLFEDTN	15	>241184_positive	>241184_negative
ECKETVPMNCSSYA	14	>11253_positive	>11253_negative
EDNLGFLMHAPAFETAGTYLRLVKINDWTEITQF	34	>11404_positive	>11404_negative
EEGYKVRYTPLVPGD	15	>2278661_positive	>2278661_negative
EEILGPDGNTPQFEN	15	>124047_positive	>124047_negative
EEQEDEIIGFGQELKNPQEE	20	>122747_positive	>122747_negative
EESNTFGLQLELTEG	15	>11881_positive	>11881_negative
EEVRKLKARVDELER	15	>418960_positive	>418960_negative
EHVEELTKHAKSVSK	15	>540386_positive	>540386_negative
EKFPSSPPTTPPSPAKTD	18	>81591_positive	>81591_negative
EKKATEAKQKVDAEE	15	>139721_positive	>139721_negative
EKVPESKVIFDANAPVAVRSKVPDSEF	27	>534695_positive	>534695_negative
ELWMFVRKKLMMEQE	15	>418965_positive	>418965_negative
ENDIKFAQEGISYYEKVL	18	>81707_positive	>81707_negative
ENLPYLVAYQATVCARAQAP	20	>13518_positive	>13518_negative
EQKKESKFLPFLTNIETL	18	>81770_positive	>81770_negative
EQQSDLEQERLAKEKLQEQQSDLEQERRAKEKLQ	34	>13914_positive	>13914_negative
ERITQIAKGQEQWFRVNLRT	20	>133080_positive	>133080_negative
ERTYLVNDKAAKMHA	15	>186664_positive	>186664_negative
ERYQLVSYKLVSRSG	15	>551475_positive	>551475_negative
ESPVDQDPDCLFCED	15	>186665_positive	>186665_negative
ESWGAVWRIDTPDKLTGPFT	20	>14310_positive	>14310_negative
ETMTPSGLVIPENAK	15	>14487_positive	>14487_negative
EVDVPGIDPNACHYMKCPLVKGQQYDIKYTWIVPKIAPKSEN	42	>164658_positive	>164658_negative
EVKPDKKNPQLQDLD	15	>540393_positive	>540393_negative
FADKPDESTLSPEMKEHYDK	20	>15152_positive	>15152_negative
FEATVRGAKRMAVLGDTAWD	20	>741402_positive	>741402_negative
FFYTPMSRREVED	13	>102425_positive	>102425_negative
FGAQFITWRGIPLI	14	>15954_positive	>15954_negative
FGINAENNHRIFLAG	15	>420973_positive	>420973_negative
FGSTLLDVIQSGLEN	15	>551633_positive	>551633_negative
FGVALFCGCEVEALTGTEKLIETYFSKNYQD	31	>116973_positive	>116973_negative
FKADEKKFWGKYLYEIAR	18	>101634_positive	>101634_negative
FKAFILDGDNLFPKV	15	>16348_positive	>16348_negative
FKRRVYKVYDFVRTH	15	>551652_positive	>551652_negative
FLLHHAFVDSIFEQWLQRHRP	21	>2269069_positive	>2269069_negative
FLLSYGEKDFEDYRF	15	>168579_positive	>168579_negative
FLPLLALLALWEPKPTQA	18	>133571_positive	>133571_negative
FLSTGMVFENLAKTVLSN	18	>82225_positive	>82225_negative
FLTWHRYHLLRLEKD	15	>124117_positive	>124117_negative
FNNFTVSFWLRVPKVSASHLE	21	>17207_positive	>17207_negative
FQDTHNNAHYYVFFEEQEDE	20	>122765_positive	>122765_negative
FQINLDFKNHNGFIR	15	>551724_positive	>551724_negative
FRKFSNNFEFSYLLG	15	>551732_positive	>551732_negative
FSSWETVCDSLDDYN	15	>124142_positive	>124142_negative
FTTSIPLKGNVRNLSVKI	18	>914358_positive	>914358_negative
FYKNLIWLVKKGNSYPKLSK	20	>188676_positive	>188676_negative
GADLDKIGLHSDSQE	15	>418973_positive	>418973_negative
GALCILLLMITLLLIALWNL	20	>18650_positive	>18650_negative
GALMLPHFNSKAMVI	15	>98785_positive	>98785_negative
GAPLGGAARALAHGVRVLED	20	>18727_positive	>18727_negative
GCVIAWNSNNLDSKV	15	>1310437_positive	>1310437_negative
GDSEDMVCTPKSDEFNPCEDI	21	>125419_positive	>125419_negative
GENRFYYSSGSSSPTHAKSA	20	>113428_positive	>113428_negative
GEYKVSVKFAEKHIR	15	>2278669_positive	>2278669_negative
GGAVFGEEGLTLNLEDVQPH	20	>133581_positive	>133581_negative
GGFKKTDKHPPKDWG	15	>551928_positive	>551928_negative
GHGHSYTTAEELAGIGILTV	20	>2281298_positive	>2281298_negative
GHIQYVAAYRVAYGD	15	>2245583_positive	>2245583_negative
GIAYFSMVGNWAKVL	15	>229898_positive	>229898_negative
GIQYLAGLSTLPGNPAIASL	20	>20417_positive	>20417_negative
GIRIYVDVVLNQMSG	15	>552048_positive	>552048_negative
GLNGPDIYKGVYQFKSVEFD	20	>21045_positive	>21045_negative
GLYNLLIRCLRCQKP	15	>110605_positive	>110605_negative
GMEVGWYRPPFSRVVHLYRNGKD	23	>114368_positive	>114368_negative
GNIEGQWALKNHSLVSLSEQVLVSCDNIDD	30	>227770_positive	>227770_negative
GPRRPPRGPPLSSSLGLALL	20	>21771_positive	>21771_negative
GPTHLFQPSLVLDMAKVLLD	20	>122103_positive	>122103_negative
GQFEDFFPASSRDQS	15	>421060_positive	>421060_negative
GRHPLGRWEVKHCRHFKAMS	20	>2165632_positive	>2165632_negative
GRHSAEYYNKQYLERTRAELDTA	23	>104817_positive	>104817_negative
GRIRVLQRFDQRSRQ	15	>540436_positive	>540436_negative
GSHSLRYFLTAVSRPGLGE	19	>137177_positive	>137177_negative
GSKYLATASTMDHARHGFLPRHRDTGILDSIGRFFGGDRG	40	>116993_positive	>116993_negative
GTASFFFLYGALLLAYGFYTTGAVRQIFGDYK	32	>116994_positive	>116994_negative
GTLISRAPVVTHTYL	15	>124239_positive	>124239_negative
GVGSPYVSRLLGICL	15	>1355458_positive	>1355458_negative
GYVVGFWLLILNENQRAN	18	>914364_positive	>914364_negative
HDDRLGFLTFCPTNL	15	>552423_positive	>552423_negative
HGRQIRMAKLLGRDPE	16	>23945_positive	>23945_negative
HIGSQLVLKLLSLQLTQPVRYK	22	>229239_positive	>229239_negative
HIVFPSYEIEMFYDG	15	>552489_positive	>552489_negative
HSFYELYQSLIAMQKRSLKNQ	21	>229241_positive	>229241_negative
HSWSSVAFNLFMLAL	15	>132840_positive	>132840_negative
ICFSPSLEHPIVVSGSWD	18	>25498_positive	>25498_negative
ICGIVYWMRRHTQKAPKRIRLPHIRED	27	>25502_positive	>25502_negative
IDYFDARLLPGVFTV	15	>25708_positive	>25708_negative
IEAAASAIQGNVTSIHSLLD	20	>25716_positive	>25716_negative
IEQIKRYLKASVENLNDNE	19	>229251_positive	>229251_negative
IFDSRGNPTVEVDLFCITRR	20	>227780_positive	>227780_negative
IFSILVLASTITILK	15	>186680_positive	>186680_negative
IGRFFGGDRGAPKRGSGKDSHHPARTAHY	29	>117009_positive	>117009_negative
ILIIFIFRRDLLCPLGALCI	20	>27103_positive	>27103_negative
INYNLKQHETFKRRV	15	>552817_positive	>552817_negative
IRGRTKFEGNKFTID	15	>552883_positive	>552883_negative
IRLHSDASKNKEKALIIIKS	20	>28326_positive	>28326_negative
IRRSILPYGDSMDRI	15	>418992_positive	>418992_negative
ISEAGQAMASTEGNVTGMFA	20	>28470_positive	>28470_negative
ISYILNRHDNQNLRV	15	>99355_positive	>99355_negative
ITAYAWVVSLGSLPLMLL	18	>229261_positive	>229261_negative
ITDNPYMTSIPVNAFQGLC	19	>122805_positive	>122805_negative
ITGEYVQILDAHAAY	15	>28907_positive	>28907_negative
IVDTISDFRAAIANYHYDAD	20	>29236_positive	>29236_negative
IVGDEKMAELKQMKESGLGQEELRAKVDEMLEHVTDEAKKQKIH	44	>99360_positive	>99360_negative
IVTTSTNDWVVTCSYTIPTCRKMDE	25	>113039_positive	>113039_negative
IWYINCFGCETHAML	15	>106550_positive	>106550_negative
IYLFPLISLRLKFGLKAEKS	20	>229264_positive	>229264_negative
KAAGLFNAPASQLAR	15	>606784_positive	>606784_negative
KAHINRQNNFTVNAS	15	>2278681_positive	>2278681_negative
KAKGNPESSFNDENLRIVVA	20	>130913_positive	>130913_negative
KAMVIVVVNKGTGNL	15	>99364_positive	>99364_negative
KARYMSMSHRTMKSMSHRTMKIKAINAQMSMMERICTEAA	40	>993304_positive	>993304_negative
KDILEDERAAVDTYC	15	>30173_positive	>30173_negative
KDKYKNIGAKLVQDVANNTNEEAG	24	>133613_positive	>133613_negative
KDYRAYYTFLNFMSNVGDPR	20	>138777_positive	>138777_negative
KEEDWICCACQKTRTSRRAKPPQ	23	>115806_positive	>115806_negative
KEFANVVRVVRHTSK	15	>553063_positive	>553063_negative
KEQFFQFLQHLSADYPKQVQTVYEFLGWVADK	32	>418995_positive	>418995_negative
KFGADARALMLQGVDLLADA	20	>79582_positive	>79582_negative
KGGRKPARLIVFPDLGVRVC	20	>30946_positive	>30946_negative
KIAPQDQDSFLDDQPGVRPIPSFDDMPLHQ	30	>227789_positive	>227789_negative
KIDVENLIKNSKALMDLEV	19	>229290_positive	>229290_negative
KLKDILLRVLYKTYI	15	>125110_positive	>125110_negative
KLKVESSPSRSDYINASPIIEHDP	24	>134118_positive	>134118_negative
KLSLLMLQPDYVKMV	15	>1625394_positive	>1625394_negative
KNPQEETLQAFDSHYDYTIC	20	>122817_positive	>122817_negative
KPLVIIAEDVDGEALSTLVLN	21	>32797_positive	>32797_negative
KPQEEKEKITKEILNGK	17	>32844_positive	>32844_negative
KPVSPMRMATPLLMR	15	>142206_positive	>142206_negative
KQISSQLTEEWSQGPGAPQGPGAPQGPGAPSYVPSAEQI	39	>100225_positive	>100225_negative
KQVHPDTGISSKAMG	15	>122444_positive	>122444_negative
KREEEAKTKFNTVRA	15	>139793_positive	>139793_negative
KRHDGGCRKELAAV	14	>33149_positive	>33149_negative
KSAFVMANNLIEATQ	15	>229310_positive	>229310_negative
KVCGSNLLSICKTAEFQMTFHLFIAAFVGAAA	32	>117032_positive	>117032_negative
KVGNEYVTKGQSVQQVYYSI	20	>122130_positive	>122130_negative
KWCANPDWIHIDTTPFAGLV	20	>138780_positive	>138780_negative
KYDYATLKVALAKKEVEAKE	20	>914379_positive	>914379_negative
KYKIAGGIAGGLALL	15	>34480_positive	>34480_negative
LAMNYDKKKLLTHQGESI	18	>914382_positive	>914382_negative
LAQGAYRTAVDLESLASQLT	20	>128042_positive	>128042_negative
LDEGKQSLTKLAAAWG	16	>35139_positive	>35139_negative
LDYERFRGSWIIAAG	15	>169080_positive	>169080_negative
LEDLLMGTLGIVCPICSQKP	20	>109477_positive	>109477_negative
LEDYDTLGTLCNSTE	15	>124419_positive	>124419_negative
LENLVVLNAASVAGAHW	17	>229911_positive	>229911_negative
LFLAILIWMYYHGQRHSDEH	20	>35887_positive	>35887_negative
LFPKVAPQAISSVENIEGNGGPGTIKKISFPEGFPFKYVKDRVDE	45	>181123_positive	>181123_negative
LFVVYRDSIPHAACH	15	>110656_positive	>110656_negative
LFYVNLFIMSSLSRK	15	>768212_positive	>768212_negative
LGHPDKFVGITYALTVVWLLVFACSAVPVYIY	32	>117035_positive	>117035_negative
LGIWTYDGTKVSISPES	17	>119488_positive	>119488_negative
LGKVTIAQGGVLPNI	15	>241327_positive	>241327_negative
LGNIIQRLHGLSAFSLHSY	19	>229912_positive	>229912_negative
LGVYYHKNNKSWMES	15	>1310575_positive	>1310575_negative
LIHKVHLAKSSGSAL	15	>911796_positive	>911796_negative
LIYEETRGVLKVFLE	15	>122464_positive	>122464_negative
LKLIETHLRTIPSHAFSNL	19	>122840_positive	>122840_negative
LLDKAVSNVIASLTCGRRFE	20	>130949_positive	>130949_negative
LLECCARCLVGAPFASLVATGLCFFGVALFC	31	>117039_positive	>117039_negative
LLGDFFRKSKEKIGKEFKRIVQRIKDFLRNLVPRTES	37	>244246_positive	>244246_negative
LMAFTAAVTSPLTTS	15	>229914_positive	>229914_negative
LNIFTNNLGRINTHV	15	>553878_positive	>553878_negative
LPGPSPAQLFQDSGLLYLAQE	21	>534743_positive	>534743_negative
LPISETGGGTPELRCGKHQA	20	>130545_positive	>130545_negative
LPSKGLEHLKELIARNTWTL	20	>125488_positive	>125488_negative
LPVGAANFREAMRIGCITRRR	21	>566598_positive	>566598_negative
LQVLKEVKAAASKVKANL	18	>229915_positive	>229915_negative
LREAAEKAKIELSSSQSTS	19	>39066_positive	>39066_negative
LRFQKAFLTQLDELLTEHRM	20	>122846_positive	>122846_negative
LSGTSMASPHVCGLGAYLIG	20	>39407_positive	>39407_negative
LSKHVLRKLQACEHCDCGEWGAMNMTTRSSICSDFGNEFCRNA	43	>1087624_positive	>1087624_negative
LTAGGPLPHGSWSWSGTPPEVQTTGGSQIS	30	>419012_positive	>419012_negative
LTTAEVVVTEIPKEEKDPGM	20	>133639_positive	>133639_negative
LYFGGVVTLCFGLSLNHGVLVVGFNRQAKP	30	>227806_positive	>227806_negative
MHIRLSFNPTQLEEQ	15	>96642_positive	>96642_negative
MNKKKMILTSLASVAILGA	19	>914394_positive	>914394_negative
MSSDSAVAALSAAMTSPQKS	20	>227807_positive	>227807_negative
MSTNPKPQRKTKRNTNRRPQ	20	>42699_positive	>42699_negative
MTEQQWNFAGIEAAAS	16	>42795_positive	>42795_negative
MTSRDIEVQGFRIPKGTTLI	20	>130976_positive	>130976_negative
MYKHLFFLDSKTLDRLTP	18	>914396_positive	>914396_negative
NAGFNSNRANSSRSS	15	>137431_positive	>137431_negative
NDGVYFASTEKSNII	15	>1541691_positive	>1541691_negative
NDKSDRNIPYSPLPPKVLDN	20	>43474_positive	>43474_negative
NEGVIVKVSKEHVEE	15	>98910_positive	>98910_negative
NELFKFNRLHTKISILQIIG	20	>229384_positive	>229384_negative
NGSWYYLNANGSMATGWV	18	>914397_positive	>914397_negative
NKEKRDKFLSSYNYIKDS	18	>86811_positive	>86811_negative
NKGAFKYIKPQSQFI	15	>44493_positive	>44493_negative
NMYAMMIARFKMFPEVKEKGMAALPRLIAFTSE	33	>101931_positive	>101931_negative
NPTHQLFQFSASDTSVIFEE	20	>2280188_positive	>2280188_negative
NPVEIRRGVMLAVDAVIAEL	20	>102687_positive	>102687_negative
NQDFTNRINKLKNSCITRR	19	>653165_positive	>653165_negative
NQVYYRPVDQYSNQNNFVHDCVNITIKQHT	30	>45640_positive	>45640_negative
NSPLHQEYEENLGDSIVGYKEK	22	>125511_positive	>125511_negative
NTGLKMFPDLTKVYSTDIFF	20	>125513_positive	>125513_negative
NTVYFGFDKYDITGE	15	>46312_positive	>46312_negative
NTYKHRLQKRTMRPT	15	>107217_positive	>107217_negative
NVLESDLIPYKDLTSSNY	18	>87137_positive	>87137_negative
NYWLAHKALCSEKLD	15	>2246888_positive	>2246888_negative
PAEDVSLMASIDSMI	15	>125187_positive	>125187_negative
PDKVDSYVWQTSTNPSVFWT	20	>1065955_positive	>1065955_negative
PDLSNNFGKLFEVKP	15	>540540_positive	>540540_negative
PDTAKEKPQEGTVVA	15	>47209_positive	>47209_negative
PEGFPFKYVKDRVDEVDHTNFKYNYSVIEGGPIGDTLEKISNEIK	45	>181135_positive	>181135_negative
PGEINRVASCLRKLGVPPLRAY	22	>229920_positive	>229920_negative
PGVLLKEFTVSGNILTIRLTAADHR	25	>47777_positive	>47777_negative
PKKGSKKAVTKAQKKDGKKRKRSR	24	>122520_positive	>122520_negative
PLKKETIPYYTKKFD	15	>174226_positive	>174226_negative
PRRARSVASQSIIAY	15	>1310725_positive	>1310725_negative
PTARSVGAADGSSWEGVGVVPDV	23	>122531_positive	>122531_negative
PVCAHRETTIVSFGYSLYAG	20	>113736_positive	>113736_negative
PYILLVSSKVSTVKD	15	>50113_positive	>50113_negative
QAPEYRGRTELLKDAIGEGKVTLRI	25	>575750_positive	>575750_negative
QDFLRRVQELRINMQKNFISFDA	23	>229433_positive	>229433_negative
QDNSAKKEATPATPSKPTPS	20	>483018_positive	>483018_negative
QDVHKKLREWLSKNV	15	>555036_positive	>555036_negative
QEGEQNDKSTEAAEEAYQKATS	22	>1392368_positive	>1392368_negative
QGGKGPLLSILKAFN	15	>540565_positive	>540565_negative
QHQVDNLKKLLAGADPDD	18	>914403_positive	>914403_negative
QHTILKDLVKLLNAFNGPFKSN	22	>229442_positive	>229442_negative
QKFSEHFSIHCCPPFTFLNSKR	22	>113127_positive	>113127_negative
QKRAAYDQYGHAAFE	15	>106738_positive	>106738_negative
QLESHSFYNLSKVTHIEIRNTRNLTYIDP	29	>125535_positive	>125535_negative
QLQDLDMMLTCVEIK	15	>98963_positive	>98963_negative
QPENLEYRIMLSVHGSQHSG	20	>741871_positive	>741871_negative
QPPSLPITVYYAVLERACRSVLLNAPSEAPQIVR	34	>51891_positive	>51891_negative
QQNWWTLLVDLLWLLLFLAI	20	>52078_positive	>52078_negative
QRTVAVYSLKIAGWHGPKAPYTSTLLPPEL	30	>52271_positive	>52271_negative
QSIIFHPPNVHPGSG	15	>555371_positive	>555371_negative
QSVIFANTRRKVDWI	15	>1625424_positive	>1625424_negative
QTHQSVAISRYLGKQ	15	>169609_positive	>169609_negative
QVEKLIKNQKESHFV	15	>98975_positive	>98975_negative
QVYSLIRPNENPAHK	15	>52824_positive	>52824_negative
QYTHWNTHQPRYSGGCVAMR	20	>2176568_positive	>2176568_negative
RAVCMLSNTTAIAEA	15	>2321978_positive	>2321978_negative
RCLLGFKEVGGKCVPASI	18	>483774_positive	>483774_negative
REEALHQFRSGRKPI	15	>138586_positive	>138586_negative
REKLQLILTLSRNASLYLNGA	21	>229460_positive	>229460_negative
RHNWVNHAVPLAMKLI	16	>54074_positive	>54074_negative
RIAHRIKGFRSLPFIIGCNP	20	>735872_positive	>735872_negative
RKSFNLDEGHALRIP	15	>99616_positive	>99616_negative
RLFEPFQGLFEIPSY	15	>54530_positive	>54530_negative
RLQQLVLDPGFLGLEPLLDL	20	>138808_positive	>138808_negative
RLTPYILVLASDTIAFNV	18	>914413_positive	>914413_negative
RNPILHFMRLKPKGLNNI	18	>229470_positive	>229470_negative
RQIFGDYKTTCGKGLSATVTGGQKGRGSRGQ	31	>117073_positive	>117073_negative
RQNIHSLSPQEREQF	15	>124669_positive	>124669_negative
RTFVLRVRAQDPPPE	15	>2189284_positive	>2189284_negative
SASIGTLCADARMYGVLPWNAFFGKVCGSNLL	32	>117075_positive	>117075_negative
SASVRIRYKKMKVFCPRP	18	>57006_positive	>57006_negative
SAVPVYIYFNTWTTCQSIAAPCKTSASIGTLC	32	>117076_positive	>117076_negative
SDEGGYTCFFRDHSYQEE	18	>113159_positive	>113159_negative
SDPNHYKGDFTYLSV	15	>555930_positive	>555930_negative
SDVGEYRAVTELGRPDAEYWN	21	>139246_positive	>139246_negative
SEFAYGSFVRTVSLPVGADE	20	>57417_positive	>57417_negative
SEHHFYCAIFIPSTEDHAYQ	20	>2280242_positive	>2280242_negative
SEIWRDIDFAHEAPA	15	>124704_positive	>124704_negative
SELLSLINDMPITNDQKKLMSNNV	24	>57525_positive	>57525_negative
SFYLKNVQTQETRTLTQFHF	20	>134229_positive	>134229_negative
SGIPYIISYLHPGNTILHVD	20	>122183_positive	>122183_negative
SHCCAFKNQKKIRGILESL	19	>125557_positive	>125557_negative
SIKKYINDKQGENEKYLP	18	>88666_positive	>88666_negative
SKYALVDASLKMADPNRFRGKDLPVLDQL	29	>58968_positive	>58968_negative
SLLLNGGCKVSNYDE	15	>556218_positive	>556218_negative
SLSVLLLISLKDRFLNNN	18	>229491_positive	>229491_negative
SNLQLIYNLTLCELNGTDWL	20	>180748_positive	>180748_negative
SPLGQSQPTVAGQPSARPAAEEYGYIVTDQKPLSLAAGVK	40	>534789_positive	>534789_negative
SQDFVLIFSVHGLPKSVIDAG	21	>229499_positive	>229499_negative
SRLSKVAPVIKARMMEYGTT	20	>102085_positive	>102085_negative
SRVSSVSSQFSDAAQASPSSHSSTPSWCE	29	>134238_positive	>134238_negative
SSKRGRQTPVLYAMLDHSRS	20	>112842_positive	>112842_negative
SSNFGAISSVLNDIL	15	>61229_positive	>61229_negative
STDYYQELQRDISEMFLQIYKQGGFLGLSNIKFRPGSVV	39	>2257195_positive	>2257195_negative
STIASGIIIEKYNV	14	>61661_positive	>61661_negative
SVKINKLISAGIIRF	15	>1625441_positive	>1625441_negative
SVLKDEAVWEKPFRFHPEHF	20	>131091_positive	>131091_negative
SWITDSGCKDHASLVS	16	>1392443_positive	>1392443_negative
SWRIMSSIAKKQAGTP	16	>1392445_positive	>1392445_negative
SYLQGFSRNTLEAAF	15	>540616_positive	>540616_negative
TAKDGMEYYNKMGELYKQ	18	>487182_positive	>487182_negative
TATELNNALQNLARTISEAG	20	>63010_positive	>63010_negative
TDVTFLKRHFHMDYG	15	>63267_positive	>63267_negative
TGAYSNASSTESASY	15	>194972_positive	>194972_negative
TGHMILAYMEDHLRNRDR	18	>104999_positive	>104999_negative
TGKIINFIKFDTGNL	15	>177550_positive	>177550_negative
THPEIYLFKKLGVSLLKRI	19	>229529_positive	>229529_negative
TITDDNEEPIAPYHFDLSGH	20	>64478_positive	>64478_negative
TLVLNRLKVGLQVVAVKAPGFGD	23	>133715_positive	>133715_negative
TNGVGYQPYRVVVLS	15	>2133422_positive	>2133422_negative
TPAETTVRLRAYMNTPGLPV	20	>65497_positive	>65497_negative
TPNMYFKDVVIYHKK	15	>556959_positive	>556959_negative
TQLNRALTGIAVEQD	15	>1310863_positive	>1310863_negative
TRINDLTDPNMLAHL	15	>497013_positive	>497013_negative
TSSEVATEVPFRLMHPQPED	20	>117172_positive	>117172_negative
TSVQGYAFNGTKLDAVYLNKNKYL	24	>125585_positive	>125585_negative
TSYVKVLHHMVKISG	15	>2269374_positive	>2269374_negative
TTEWVETTARELPIP	15	>124791_positive	>124791_negative
TVPGGGTTYIRAIAALEGLK	20	>141769_positive	>141769_negative
TVSVSYLPTAPGEYK	15	>2278734_positive	>2278734_negative
TYIDPDALKELPLLKFLGIF	20	>125589_positive	>125589_negative
TYTEHAKRKTVTAMDVVYALKRQG	24	>67478_positive	>67478_negative
VDIELVTTTVSNMAEVRSYC	20	>742112_positive	>742112_negative
VDLLVNLLPAILSPGA	16	>229936_positive	>229936_negative
VEPKVKSKKREAVAGRGRGRGRGRGRGRGRGRGGPRR	37	>117395_positive	>117395_negative
VHFFKNIVTPRTPPPSQGKGR	21	>113992_positive	>113992_negative
VHMNDNVLHSAFEVG	15	>911875_positive	>911875_negative
VICTTKQYTRRCLSK	15	>144808_positive	>144808_negative
VIGMDVAASEFFRSG	15	>538244_positive	>538244_negative
VIVELIPSTSSAV	13	>119663_positive	>119663_negative
VLGGGVALLRVIPALDSLTPANED	24	>69503_positive	>69503_negative
VLQLPQGTTLPKGFY	15	>69721_positive	>69721_negative
VLVMLVLLILAYRRRWRRLTV	21	>69835_positive	>69835_negative
VNNLARTTPDRQAAC	15	>108193_positive	>108193_negative
VPPLRVWRHRARSVRAKLLSQGGRA	25	>229939_positive	>229939_negative
VPYFVRVQGLLRICALARKAV	21	>229940_positive	>229940_negative
VQGIIIYRAAYFGVYDTAKG	20	>568717_positive	>568717_negative
VQYSRADEEQQQALSSQMGF	20	>70687_positive	>70687_negative
VSKTAVAPIERVKLLLQVQH	20	>568721_positive	>568721_negative
VSLLCRHKRKQLPEE	15	>124841_positive	>124841_negative
VSQIFPDSVMLAVQE	15	>71090_positive	>71090_negative
VTEKDVELLHEIEAHYHTQIDELPVDFAAY	30	>227862_positive	>227862_negative
VVFFKNIILIGFL	13	>158621_positive	>158621_negative
VVLLVATEGRVRVNSAYQDKCITRR	25	>133947_positive	>133947_negative
VVQSIGYKFHRHGYE	15	>144814_positive	>144814_negative
WARMILMTHFFSVLIARDQLEQ	22	>229946_positive	>229946_negative
WDEDGAKRIPVDVSE	15	>72291_positive	>72291_negative
WNCLPQGFVLSPYIYQKTLQEI	22	>72881_positive	>72881_negative
YADLLVEAEQAVVHS	15	>2145609_positive	>2145609_negative
YFSKNYQDYEYLINVIHAFQYVIYGTASFFFL	32	>117117_positive	>117117_negative
YIAVKYNAYHVV	12	>2278743_positive	>2278743_negative
YISPYFINTSKGQKCEFQDA	20	>133747_positive	>133747_negative
YISSVAYGRQVYLKLETTSKSDEV	24	>914445_positive	>914445_negative
YKIADPICTFIFSIL	15	>186725_positive	>186725_negative
YLEASGAMKASQWFK	15	>139958_positive	>139958_negative
YPTFGEHKQEKDLEY	15	>75418_positive	>75418_negative
YQEGVLKLSIPVAERAKPRK	20	>75478_positive	>75478_negative
YSKYGGTEIKYNGEE	15	>75786_positive	>75786_negative
YTIVAKLMTRHAFCL	15	>1625472_positive	>1625472_negative
